service_date,block,unit_id,seat_role,assignee_member_number,status,quality,flashing
2025-10-01,day,120,Attendant,1001,open,red,red
2025-10-01,day,120,Driver,1002,open,red,red
2025-10-01,night,120,Attendant,1001,open,red,red
2025-10-01,night,120,Driver,1003,open,red,red
2025-10-02,day,120,Attendant,1004,open,red,red
2025-10-02,day,120,Driver,,open,red,red
2025-10-02,night,120,Attendant,1004,open,red,red
2025-10-02,night,120,Driver,1003,open,red,red
2025-10-03,day,120,Attendant,1001,open,red,red
2025-10-03,day,120,Driver,1002,open,red,red
2025-10-03,night,120,Attendant,1001,open,red,red
2025-10-03,night,120,Driver,1005,open,red,red
2025-10-04,day,120,Attendant,,open,red,red
2025-10-04,day,120,Driver,,open,red,red
2025-10-04,night,120,Attendant,,open,red,red
2025-10-04,night,120,Driver,,open,red,red
2025-10-05,day,120,Attendant,,open,red,red
2025-10-05,day,120,Driver,1006,open,red,red
2025-10-05,night,120,Attendant,,open,red,red
2025-10-05,night,120,Driver,1006,open,red,red
2025-10-06,day,120,Attendant,1011,open,red,red
2025-10-06,day,120,Driver,1002,open,red,red
2025-10-06,night,120,Attendant,1011,open,red,red
2025-10-06,night,120,Driver,1005,open,red,red
2025-10-07,day,120,Attendant,1012,open,red,red
2025-10-07,day,120,Driver,,open,red,red
2025-10-07,night,120,Attendant,1012,open,red,red
2025-10-07,night,120,Driver,,open,red,red
2025-10-08,day,120,Attendant,1004,open,red,red
2025-10-08,day,120,Driver,1002,open,red,red
2025-10-08,night,120,Attendant,1004,open,red,red
2025-10-08,night,120,Driver,1003,open,red,red
2025-10-09,day,120,Attendant,,open,red,red
2025-10-09,day,120,Driver,,open,red,red
2025-10-09,night,120,Attendant,,open,red,red
2025-10-09,night,120,Driver,1003,open,red,red
2025-10-10,day,120,Attendant,1012,open,red,red
2025-10-10,day,120,Driver,1002,open,red,red
2025-10-10,night,120,Attendant,1012,open,red,red
2025-10-10,night,120,Driver,1005,open,red,red
2025-10-11,day,120,Attendant,1010,open,red,red
2025-10-11,day,120,Driver,,open,red,red
2025-10-11,night,120,Attendant,,open,red,red
2025-10-11,night,120,Driver,,open,red,red
2025-10-12,day,120,Attendant,,open,red,red
2025-10-12,day,120,Driver,,open,red,red
2025-10-12,night,120,Attendant,,open,red,red
2025-10-12,night,120,Driver,1006,open,red,red
2025-10-13,day,120,Attendant,1011,open,red,red
2025-10-13,day,120,Driver,1002,open,red,red
2025-10-13,night,120,Attendant,1011,open,red,red
2025-10-13,night,120,Driver,1005,open,red,red
2025-10-14,day,120,Attendant,1012,open,red,red
2025-10-14,day,120,Driver,,open,red,red
2025-10-14,night,120,Attendant,,open,red,red
2025-10-14,night,120,Driver,1006,open,red,red
2025-10-15,day,120,Attendant,1004,open,red,red
2025-10-15,day,120,Driver,1002,open,red,red
2025-10-15,night,120,Attendant,1004,open,red,red
2025-10-15,night,120,Driver,1003,open,red,red
2025-10-16,day,120,Attendant,1012,open,red,red
2025-10-16,day,120,Driver,,open,red,red
2025-10-16,night,120,Attendant,1012,open,red,red
2025-10-16,night,120,Driver,1003,open,red,red
2025-10-17,day,120,Attendant,1004,open,red,red
2025-10-17,day,120,Driver,1002,open,red,red
2025-10-17,night,120,Attendant,1004,open,red,red
2025-10-17,night,120,Driver,1003,open,red,red
2025-10-18,day,120,Attendant,1001,open,red,red
2025-10-18,day,120,Driver,,open,red,red
2025-10-18,night,120,Attendant,1001,open,red,red
2025-10-18,night,120,Driver,,open,red,red
2025-10-19,day,120,Attendant,1010,open,red,red
2025-10-19,day,120,Driver,,open,red,red
2025-10-19,night,120,Attendant,1004,open,red,red
2025-10-19,night,120,Driver,1006,open,red,red
2025-10-20,day,120,Attendant,1012,open,red,red
2025-10-20,day,120,Driver,1002,open,red,red
2025-10-20,night,120,Attendant,1011,open,red,red
2025-10-20,night,120,Driver,1005,open,red,red
2025-10-21,day,120,Attendant,1001,open,red,red
2025-10-21,day,120,Driver,,open,red,red
2025-10-21,night,120,Attendant,1001,open,red,red
2025-10-21,night,120,Driver,1006,open,red,red
2025-10-22,day,120,Attendant,1012,open,red,red
2025-10-22,day,120,Driver,,open,red,red
2025-10-22,night,120,Attendant,1004,open,red,red
2025-10-22,night,120,Driver,1003,open,red,red
2025-10-23,day,120,Attendant,1012,open,red,red
2025-10-23,day,120,Driver,,open,red,red
2025-10-23,night,120,Attendant,1012,open,red,red
2025-10-23,night,120,Driver,1003,open,red,red
2025-10-24,day,120,Attendant,1001,open,red,red
2025-10-24,day,120,Driver,1002,open,red,red
2025-10-24,night,120,Attendant,1004,open,red,red
2025-10-24,night,120,Driver,1005,open,red,red
2025-10-25,day,120,Attendant,1011,open,red,red
2025-10-25,day,120,Driver,,open,red,red
2025-10-25,night,120,Attendant,1011,open,red,red
2025-10-25,night,120,Driver,,open,red,red
2025-10-26,day,120,Attendant,1004,open,red,red
2025-10-26,day,120,Driver,,open,red,red
2025-10-26,night,120,Attendant,1004,open,red,red
2025-10-26,night,120,Driver,1006,open,red,red
2025-10-27,day,120,Attendant,1011,open,red,red
2025-10-27,day,120,Driver,1002,open,red,red
2025-10-27,night,120,Attendant,1011,open,red,red
2025-10-27,night,120,Driver,1005,open,red,red
2025-10-28,day,120,Attendant,1010,open,red,red
2025-10-28,day,120,Driver,,open,red,red
2025-10-28,night,120,Attendant,1001,open,red,red
2025-10-28,night,120,Driver,1006,open,red,red
2025-10-29,day,120,Attendant,1001,open,red,red
2025-10-29,day,120,Driver,,open,red,red
2025-10-29,night,120,Attendant,1004,open,red,red
2025-10-29,night,120,Driver,1003,open,red,red
2025-10-30,day,120,Attendant,1012,open,red,red
2025-10-30,day,120,Driver,,open,red,red
2025-10-30,night,120,Attendant,1012,open,red,red
2025-10-30,night,120,Driver,1003,open,red,red
2025-10-31,day,120,Attendant,1012,open,red,red
2025-10-31,day,120,Driver,1002,open,red,red
2025-10-31,night,120,Attendant,1001,open,red,red
2025-10-31,night,120,Driver,1005,open,red,red
